date,adjclose
2024-08-26,215.15440368652344
2024-08-27,213.48545837402344
2024-08-28,212.04103088378906
2024-08-29,213.55377197265625
2024-08-30,214.79327392578125
2024-09-03,208.2249298095703
2024-09-04,207.87359619140625
2024-09-05,206.83901977539062
2024-09-06,202.9058380126953
2024-09-09,203.471923828125
2024-09-10,203.30599975585938
2024-09-11,203.90135192871094
2024-09-12,206.5267333984375
2024-09-13,211.62132263183594
2024-09-16,212.38259887695312
2024-09-17,214.1393585205078
2024-09-18,214.1783905029297
2024-09-19,218.58981323242188
2024-09-20,216.2474822998047
2024-09-23,215.4569091796875
2024-09-24,215.8180389404297
2024-09-25,213.18568420410156
2024-09-26,214.3216552734375
2024-09-27,215.7710418701172
2024-09-30,216.31948852539062
2024-10-01,213.3815460205078
2024-10-02,213.08773803710938
2024-10-03,211.65794372558594
2024-10-04,214.61546325683594
2024-10-07,212.9310302734375
2024-10-08,213.07794189453125
2024-10-09,213.5480194091797
2024-10-10,212.36306762695312
2024-10-11,216.68179321289062
2024-10-14,218.27806091308594
2024-10-15,218.45436096191406
2024-10-16,222.04843139648438
2024-10-17,221.4412384033203
2024-10-18,220.98095703125
2024-10-21,217.50440979003906
2024-10-22,216.68179321289062
2024-10-23,214.70359802246094
2024-10-24,215.1736602783203
2024-10-25,214.36083984375
2024-10-28,217.85696411132812
2024-10-29,217.15185546875
2024-10-30,216.85806274414062
2024-10-31,213.2542266845703
2024-11-01,214.448974609375
2024-11-04,215.5360107421875
2024-11-05,219.59033203125
2024-11-06,232.3115692138672
2024-11-07,231.48895263671875
2024-11-08,233.19293212890625
2024-11-11,236.69886779785156
2024-11-12,232.54660034179688
2024-11-13,230.24520874023438
2024-11-14,227.14080810546875
2024-11-15,223.7523956298828
2024-11-18,224.19308471679688
2024-11-19,225.85792541503906
2024-11-20,226.15171813964844
2024-11-21,229.58909606933594
2024-11-22,233.82949829101562
2024-11-25,237.38436889648438
2024-11-26,235.64120483398438
2024-11-27,235.9644012451172
2024-11-29,236.86532592773438
2024-12-02,236.7478485107422
2024-12-03,235.06341552734375
2024-12-04,235.9056396484375
2024-12-05,233.1537628173828
2024-12-06,233.98617553710938
2024-12-09,232.81101989746094
2024-12-10,231.80230712890625
2024-12-11,232.85018920898438
2024-12-12,229.82411193847656
2024-12-13,228.24745178222656
2024-12-16,229.58909606933594
2024-12-17,226.960693359375
2024-12-18,216.91259765625
2024-12-19,215.95004272460938
2024-12-20,217.97341918945312
2024-12-23,217.4724578857422
2024-12-24,219.41726684570312
2024-12-26,221.66651916503906
2024-12-27,218.43505859375
2024-12-30,216.75543212890625
2024-12-31,217.0304718017578
2025-01-02,217.207275390625
2025-01-03,220.43875122070312
2025-01-06,220.5271759033203
2025-01-07,218.75917053222656
2025-01-08,217.7671356201172
2025-01-10,212.9739227294922
2025-01-13,213.38644409179688
2025-01-14,215.81253051757812
2025-01-15,220.05567932128906
2025-01-16,220.49769592285156
2025-01-17,221.45045471191406
2025-01-21,225.70343017578125
2025-01-22,224.23011779785156
2025-01-23,225.2516326904297
2025-01-24,224.6230010986328
2025-01-27,222.47193908691406
2025-01-28,222.71751403808594
2025-01-29,222.20675659179688
2025-01-30,224.46585083007812
2025-01-31,222.4523162841797
2025-02-03,219.84942626953125
2025-02-04,222.89430236816406
2025-02-05,225.3203582763672
2025-02-06,224.5836944580078
2025-02-07,221.98081970214844
2025-02-10,222.9827117919922
2025-02-11,221.68617248535156
2025-02-12,219.64317321777344
2025-02-13,222.11834716796875
2025-02-14,221.95138549804688
2025-02-18,223.16932678222656
2025-02-19,222.40321350097656
2025-02-20,220.27178955078125
2025-02-21,213.92666625976562
2025-02-24,212.3845977783203
2025-02-25,211.5791778564453
2025-02-26,211.8443603515625
2025-02-27,208.61288452148438
2025-02-28,210.83267211914062
2025-03-03,205.06707763671875
2025-03-04,202.7490692138672
2025-03-05,204.76258850097656
2025-03-06,201.62933349609375
2025-03-07,202.2873992919922
2025-03-10,197.19955444335938
2025-03-11,197.17987060546875
2025-03-12,197.52366638183594
2025-03-13,194.57701110839844
2025-03-14,199.28184509277344
2025-03-17,201.79629516601562
2025-03-18,200.04403686523438
2025-03-19,203.15480041503906
2025-03-20,201.86520385742188
2025-03-21,200.614990234375
2025-03-24,205.60601806640625
2025-03-25,204.46405029296875
2025-03-26,202.38694763183594
2025-03-27,201.42222595214844
2025-03-28,197.3270263671875
2025-03-31,196.38198852539062
2025-04-01,196.40167236328125
2025-04-02,199.50259399414062
2025-04-03,186.69528198242188
2025-04-04,178.3671112060547
2025-04-07,176.7526397705078
2025-04-08,172.09634399414062
2025-04-09,186.72483825683594
2025-04-10,178.87901306152344
2025-04-11,181.4877166748047
2025-04-14,183.6239013671875
2025-04-15,183.8502960205078
2025-04-16,182.0882110595703
2025-04-17,183.57469177246094
2025-04-21,179.89295959472656
2025-04-22,184.5492706298828
2025-04-23,187.28594970703125
2025-04-24,191.0365753173828
2025-04-25,191.09564208984375
2025-04-28,191.90289306640625
2025-04-29,193.0349578857422
2025-04-30,191.82412719726562
2025-05-01,193.01528930664062
2025-05-02,197.35655212402344
2025-05-05,195.84056091308594
2025-05-06,193.7043914794922
2025-05-07,194.34422302246094
2025-05-08,198.045654296875
2025-05-09,197.68142700195312
2025-05-12,204.6314239501953
2025-05-13,205.37957763671875
2025-05-14,203.5584259033203
2025-05-15,204.8873748779297
2025-05-16,206.58059692382812
2025-05-19,205.71429443359375
2025-05-20,205.82257080078125
2025-05-21,200.04403686523438
2025-05-22,200.03421020507812
2025-05-23,199.40415954589844
2025-05-27,204.46405029296875
2025-05-28,202.3081817626953
2025-05-29,202.90870666503906
2025-05-30,201.87506103515625
2025-06-02,202.50509643554688
2025-06-03,205.7733612060547
2025-06-04,205.1925506591797
2025-06-05,205.28114318847656
2025-06-06,208.5986328125
2025-06-09,210.03590393066406
2025-06-10,211.16798400878906
2025-06-11,210.30169677734375
2025-06-12,209.4649200439453
2025-06-13,205.63552856445312
2025-06-16,208.05996704101562
2025-06-17,205.86851501464844
2025-06-18,206.95436096191406
2025-06-20,206.52001953125
2025-06-23,209.047119140625
2025-06-24,211.71238708496094
2025-06-25,209.24453735351562
2025-06-26,212.64031982421875
2025-06-27,212.7093963623047
2025-06-30,213.01541137695312
2025-07-01,215.2068634033203
2025-07-02,218.1880340576172
2025-07-03,220.21168518066406
2025-07-07,216.90476989746094
2025-07-08,218.40521240234375
2025-07-09,220.77435302734375
2025-07-10,221.90957641601562
2025-07-11,218.8494415283203
2025-07-14,220.3202667236328
2025-07-15,216.00645446777344
2025-07-16,218.1781768798828
2025-07-17,221.04087829589844
2025-07-18,219.47132873535156
2025-07-21,218.58290100097656
2025-07-22,220.3992462158203
2025-07-23,223.765380859375
2025-07-24,220.67564392089844
2025-07-25,221.49496459960938
2025-07-28,221.23829650878906
2025-07-29,219.82669067382812
2025-07-30,218.71124267578125
2025-07-31,216.56912231445312
2025-08-01,212.15658569335938
2025-08-04,216.90476989746094
2025-08-05,218.01036071777344
2025-08-06,217.7240753173828
2025-08-07,217.01333618164062
2025-08-08,217.4871826171875
2025-08-11,217.43783569335938
2025-08-12,223.8937225341797
2025-08-13,228.2470245361328
2025-08-14,225.30532836914062
2025-08-15,224.2096405029297
2025-08-18,225.02894592285156
2025-08-19,223.30145263671875
2025-08-20,222.51173400878906
2025-08-21,223.0645294189453
2025-08-22,231.81060791015625
2025-08-25,229.3723602294922
2025-08-26,231.26766967773438
2025-08-27,232.9063262939453
2025-08-28,233.1827392578125
2025-08-29,232.14622497558594
2025-09-02,230.89256286621094
2025-09-03,230.66552734375
2025-09-04,233.54795837402344
2025-09-05,234.71278381347656
2025-09-08,235.18663024902344
2025-09-09,233.8046417236328
2025-09-10,233.3900146484375
2025-09-11,237.703857421875
2025-09-12,235.2754669189453
2025-09-15,236.27249145507812
2025-09-16,235.8834228515625
2025-09-17,236.48728942871094
2025-09-18,242.37745666503906
2025-09-19,240.53614807128906
2025-09-22,241.93197631835938
2025-09-23,241.38751220703125
2025-09-24,239.17005920410156
2025-09-25,236.88327026367188
2025-09-26,238.91265869140625
2025-09-29,239.1898193359375
2025-09-30,239.52642822265625
2025-10-01,240.0511016845703
2025-10-02,241.56570434570312
2025-10-03,243.35748291015625
2025-10-06,244.32763671875
2025-10-07,241.7042999267578
2025-10-08,244.23855590820312
2025-10-09,242.66455078125
2025-10-10,235.3983612060547
2025-10-13,241.9517822265625
2025-10-14,245.40667724609375
2025-10-15,247.81224060058594
2025-10-16,242.59524536132812
2025-10-17,240.9618377685547
2025-10-20,245.6640625
2025-10-21,244.50584411621094
2025-10-22,240.8925323486328
2025-10-23,243.94155883789062
2025-10-24,246.92127990722656
2025-10-27,247.7825469970703
2025-10-28,246.4560089111328
2025-10-29,244.3573455810547
2025-10-30,242.3873748779297
2025-10-31,243.75347900390625
2025-11-03,242.97142028808594
2025-11-04,238.77406311035156
2025-11-05,242.2190704345703
2025-11-06,237.93263244628906
2025-11-07,239.17994689941406
2025-11-10,241.57559204101562
2025-11-11,241.78350830078125
2025-11-12,241.1895294189453
2025-11-13,234.4084014892578
2025-11-14,235.0914764404297
2025-11-17,230.4189453125
2025-11-18,231.12181091308594
2025-11-19,231.0821990966797
2025-11-20,226.8056640625
2025-11-21,233.2303924560547
2025-11-24,237.4871368408203
2025-11-25,242.66455078125
2025-11-26,244.81271362304688
2025-11-28,246.2481231689453
2025-12-01,243.1496124267578
2025-12-02,242.70413208007812
2025-12-03,247.11927795410156
2025-12-04,249.28724670410156
2025-12-05,248.24783325195312
2025-12-08,248.3468017578125
2025-12-09,248.861572265625
2025-12-10,252.24716186523438
2025-12-11,255.2070770263672
2025-12-12,251.29684448242188
2025-12-15,249.39613342285156
2025-12-16,248.2161407470703
2025-12-17,245.57406616210938
2025-12-18,247.0341796875
2025-12-19,249.1001434326172
2025-12-22,251.87136840820312
2025-12-23,250.3814697265625
2025-12-24,251.00721740722656
2025-12-26,249.7259063720703
2025-12-29,248.19630432128906
2025-12-30,246.35874938964844
2025-12-31,244.5013427734375
2026-01-02,247.10369873046875
2026-01-05,251.02708435058594
2026-01-06,254.35450744628906
2026-01-07,253.75856018066406
2026-01-08,256.52972412109375
2026-01-09,258.4765319824219
2026-01-12,259.73797607421875
2026-01-13,259.5889892578125
2026-01-14,261.4165954589844
2026-01-15,263.7209777832031
2026-01-16,263.96929931640625
2026-01-20,260.8106994628906
2026-01-21,265.985595703125
2026-01-22,267.9721374511719
2026-01-23,263.02569580078125
2026-01-26,262.2012939453125
2026-01-27,262.9462585449219
2026-01-28,261.52587890625
2026-01-29,261.59539794921875
2026-01-30,257.90045166015625
2026-02-02,260.41339111328125
2026-02-03,261.0093688964844
2026-02-04,258.7646179199219
2026-02-05,254.106201171875
2026-02-06,263.2342529296875
2026-02-09,265.08172607421875
2026-02-10,264.3665771484375
2026-02-11,263.1647644042969
2026-02-12,257.7912292480469
2026-02-13,261.18817138671875
2026-02-17,261.26763916015625
2026-02-18,262.2112121582031
2026-02-19,262.8171081542969
2026-02-20,262.8270263671875
2026-02-23,258.7347717285156
2026-02-24,261.5556335449219
2026-02-25,262.7972106933594
2026-02-26,264.1977233886719
2026-02-27,259.64862060546875
2026-03-02,262.03240966796875
2026-03-03,257.49322509765625
2026-03-04,259.9962463378906
2026-03-05,255.02993774414062
2026-03-06,249.19947814941406
2026-03-09,251.9110870361328
2026-03-10,251.65284729003906
2026-03-11,251.1462860107422
2026-03-12,245.74293518066406
2026-03-13,244.92845153808594
2026-03-16,247.2427520751953
2026-03-17,248.80694580078125
2026-03-18,244.79698181152344
2026-03-19,246.39898681640625
2026-03-20,241.01588439941406
2026-03-23,246.21987915039062
2026-03-24,247.5432586669922
2026-03-25,250.5681610107422
2026-03-26,246.2099151611328
2026-03-27,241.89149475097656
2026-03-30,238.41883850097656
2026-03-31,246.7671356201172
2026-04-01,248.31936645507812
2026-04-02,250.040771484375
2026-04-06,251.10545349121094
2026-04-07,251.65274047851562
2026-04-08,259.1751403808594
2026-04-09,260.65771484375
2026-04-10,260.0010070800781
2026-04-13,263.7522888183594
2026-04-14,267.3841247558594
2026-04-15,268.0508117675781
2026-04-16,268.6080322265625
2026-04-17,274.4090576171875
2026-04-20,275.97125244140625
2026-04-21,273.1453552246094
2026-04-22,275.1055603027344
2026-04-23,274.15032958984375
2026-04-24,275.2746887207031
2026-04-27,275.7622985839844
2026-04-28,272.54833984375
2026-04-29,270.7274169921875
2026-04-30,276.5881652832031
2026-05-01,277.8916320800781
2026-05-04,276.49859619140625
2026-05-05,281.15533447265625
2026-05-06,285.3742370605469
2026-05-07,280.8568115234375
2026-05-08,282.75732421875
2026-05-11,283.9115295410156
2026-05-12,281.165283203125
2026-05-13,281.2647705078125
2026-05-14,283.03594970703125
2026-05-15,276.2200012207031
2026-05-18,274.59808349609375
2026-05-19,271.6428527832031
2026-05-20,278.47869873046875
2026-05-21,281.0856628417969
2026-05-22,283.70257568359375
2026-05-26,289.0658264160156
2026-05-27,288.9264831542969
2026-05-28,290.5782775878906
2026-05-29,288.9862060546875
2026-06-01,287.5434265136719
2026-06-02,290.2100830078125
2026-06-03,286.2399597167969
2026-06-04,290.558349609375
2026-06-05,280.2498474121094
2026-06-08,282.6976318359375
2026-06-09,283.60308837890625
2026-06-10,280.6478271484375
2026-06-11,288.96630859375
2026-06-12,291.4936828613281
2026-06-15,293.87249755859375
2026-06-16,291.3191223144531
2026-06-17,289.1248779296875
2026-06-18,294.82000732421875
2026-06-22,297.40325927734375
2026-06-23,294.55072021484375
2026-06-24,295.9171447753906
2026-06-25,298.13134765625
2026-06-26,299.0489501953125
2026-06-29,298.1911926269531
2026-06-30,299.6673583984375
2026-07-01,298.540283203125
2026-07-02,296.8048095703125
2026-07-06,298.1213684082031
2026-07-07,295.4184265136719
2026-07-08,292.71551513671875
2026-07-09,296.4656982421875
2026-07-10,295.21893310546875
2026-07-13,292.71551513671875
2026-07-14,293.7428283691406
2026-07-15,294.99951171875
2026-07-16,294.82000732421875
2026-07-17,293.2740478515625
2026-07-20,291.5485534667969
2026-07-21,295.7675476074219
2026-07-22,293.0246887207031
2026-07-23,291.3291015625
2026-07-24,290.4115295410156
2026-07-27,292.14697265625
2026-07-28,292.60577392578125
2026-07-29,287.81829833984375
2026-07-30,291.82781982421875
2026-07-31,290.4414367675781
2026-08-03,295.4483642578125
2026-08-04,300.9240417480469
2026-08-05,298.9891052246094
2026-08-06,297.47308349609375
2026-08-07,300.7744445800781
2026-08-10,299.1985778808594
2026-08-11,300.2059326171875
2026-08-12,301.92144775390625
2026-08-13,302.7093811035156
2026-08-14,304.2952575683594
2026-08-17,303.2679443359375
2026-08-18,299.44793701171875
2026-08-19,300.93402099609375
2026-08-20,296.89459228515625
2026-08-21,299.1786193847656
2026-08-24,297.19378662109375
2026-08-25,298.4505310058594
2026-08-26,298.15130615234375
2026-08-27,299.02899169921875
2026-08-28,294.9795837402344
2026-08-31,293.164306640625
2026-09-01,289.8130798339844
2026-09-02,293.2441101074219
2026-09-03,294.4210510253906
2026-09-04,295.2389221191406
2026-09-08,293.90240478515625
2026-09-09,289.8829040527344
2026-09-10,286.9505615234375
2026-09-11,288.1374816894531
2026-09-14,287.1600036621094
2026-09-15,285.1400146484375
2026-09-16,283.9200134277344
2026-09-17,285.42999267578125
2026-09-18,284.1000061035156
2026-09-21,285.5799865722656
2026-09-22,287.760009765625
